Workbook

Sheet 14C
A1: core | B1: depth_top | C1: depth_bottom | D1: depth_mid | E1: cal.age | F1: cal.age.err | G1: mat.dated | H1: 14C.raw | I1: 14C.raw_err | J1: Labcode | K1: D14C | L1: D14C.err
A2: LPAZ-21P | B2: 63 | C2: 65 | D2: =AVERAGE(B2:C2) -> 64 | E2: =VLOOKUP(D2,agemodels!$A$3:$E$265,4,0) -> 11738.5 | F2: =VLOOKUP(D2,agemodels!$A$3:$F$265,6,0) -> 586.22449 | G2: Planulina ariminensis | H2: 15620 | I2: 100 | J2: 162173 | K2: =((EXP(-(H2)/8033)/EXP(-($E2)/8267))-1)*1000 -> -408.18219 | L2: =((EXP(-(H2-I2)/8033)/EXP(-($E2)/8267))-1)*1000-K2 -> 7.41338
A3: LPAZ-21P | B3: 66 | C3: 67 | D3: =AVERAGE(B3:C3) -> 66.5 | E3: =VLOOKUP(D3,agemodels!$A$3:$E$265,4,0) -> 12821 | F3: =VLOOKUP(D3,agemodels!$A$3:$F$265,6,0) -> 187.19388 | G3: Planulina ariminensis | H3: 16880 | I3: 650 | J3: 178177 | K3: =((EXP(-(H3)/8033)/EXP(-($E3)/8267))-1)*1000 -> -423.31963 | L3: =((EXP(-(H3-I3)/8033)/EXP(-($E3)/8267))-1)*1000-K3 -> 48.602652
A4: LPAZ-21P | B4: 67 | C4: 68 | D4: =AVERAGE(B4:C4) -> 67.5 | E4: =VLOOKUP(D4,agemodels!$A$3:$E$265,4,0) -> 13096.2 | F4: =VLOOKUP(D4,agemodels!$A$3:$F$265,6,0) -> 125.79082 | G4: Planulina ariminensis | H4: 16555 | I4: 45 | J4: 206073 | K4: =((EXP(-(H4)/8033)/EXP(-($E4)/8267))-1)*1000 -> -379.18369 | L4: =((EXP(-(H4-I4)/8033)/EXP(-($E4)/8267))-1)*1000-K4 -> 3.4875053
A5: LPAZ-21P | B5: 68 | C5: 69 | D5: =AVERAGE(B5:C5) -> 68.5 | E5: =VLOOKUP(D5,agemodels!$A$3:$E$265,4,0) -> 13276.9 | F5: =VLOOKUP(D5,agemodels!$A$3:$F$265,6,0) -> 202.57653 | G5: Planulina ariminensis | H5: 14330 | I5: 60 | J5: 206075 | K5: =((EXP(-(H5)/8033)/EXP(-($E5)/8267))-1)*1000 -> -162.9568 | L5: =((EXP(-(H5-I5)/8033)/EXP(-($E5)/8267))-1)*1000-K5 -> 6.2754414
A6: LPAZ-21P | B6: 69 | C6: 70.5 | D6: =AVERAGE(B6:C6) -> 69.75 | E6: =VLOOKUP(C6,agemodels!$A$3:$E$265,4,0) -> 13690.9 | F6: =VLOOKUP(C6,agemodels!$A$3:$F$265,6,0) -> 297.83163 | G6: Planulina ariminensis | H6: 15120 | I6: 90 | J6: 175820 | K6: =((EXP(-(H6)/8033)/EXP(-($E6)/8267))-1)*1000 -> -202.3978 | L6: =((EXP(-(H6-I6)/8033)/EXP(-($E6)/8267))-1)*1000-K6 -> 8.98641
A7: LPAZ-21P | B7: 70.5 | C7: 71.5 | D7: =AVERAGE(B7:C7) -> 71 | E7: =VLOOKUP(D7,agemodels!$A$3:$E$265,4,0) -> 13791.5 | F7: =VLOOKUP(D7,agemodels!$A$3:$F$265,6,0) -> 325.20408 | G7: Planulina ariminensis | H7: 15375 | I7: 45 | J7: 203474 | K7: =((EXP(-(H7)/8033)/EXP(-($E7)/8267))-1)*1000 -> -217.85919 | L7: =((EXP(-(H7-I7)/8033)/EXP(-($E7)/8267))-1)*1000-K7 -> 4.3937637
A8: LPAZ-21P | B8: 71.5 | C8: 72.5 | D8: =AVERAGE(B8:C8) -> 72 | E8: =VLOOKUP(D8,agemodels!$A$3:$E$265,4,0) -> 14001.9 | F8: =VLOOKUP(D8,agemodels!$A$3:$F$265,6,0) -> 344.61735 | G8: Planulina ariminensis | H8: 15395 | I8: 40 | J8: 203476 | K8: =((EXP(-(H8)/8033)/EXP(-($E8)/8267))-1)*1000 -> -199.69281 | L8: =((EXP(-(H8-I8)/8033)/EXP(-($E8)/8267))-1)*1000-K8 -> 3.9950358
A9: LPAZ-21P | B9: 72 | C9: 73 | D9: =AVERAGE(B9:C9) -> 72.5 | E9: =VLOOKUP(D9,agemodels!$A$3:$E$265,4,0) -> 14108.9 | F9: =VLOOKUP(D9,agemodels!$A$3:$F$265,6,0) -> 350.7398 | G9: Planulina ariminensis | H9: 17080 | I9: 330 | J9: 203478 | K9: =((EXP(-(H9)/8033)/EXP(-($E9)/8267))-1)*1000 -> -342.67476 | L9: =((EXP(-(H9-I9)/8033)/EXP(-($E9)/8267))-1)*1000-K9 -> 27.565606
A10: LPAZ-21P | B10: 73 | C10: 74 | D10: =AVERAGE(B10:C10) -> 73.5 | E10: =VLOOKUP(D10,agemodels!$A$3:$E$265,4,0) -> 14314.9 | F10: =VLOOKUP(D10,agemodels!$A$3:$F$265,6,0) -> 368.41837 | G10: Planulina ariminensis | H10: 16110 | I10: 70 | J10: 203480 | K10: =((EXP(-(H10)/8033)/EXP(-($E10)/8267))-1)*1000 -> -239.59652 | L10: =((EXP(-(H10-I10)/8033)/EXP(-($E10)/8267))-1)*1000-K10 -> 6.6551519
A11: LPAZ-21P | B11: 74 | C11: 76 | D11: =AVERAGE(B11:C11) -> 75 | E11: =VLOOKUP(D11,agemodels!$A$3:$E$265,4,0) -> 14629.5 | F11: =VLOOKUP(D11,agemodels!$A$3:$F$265,6,0) -> 399.20918 | G11: Planulina ariminensis | H11: 15965 | I11: 45 | J11: 181567 | K11: =((EXP(-(H11)/8033)/EXP(-($E11)/8267))-1)*1000 -> -195.71423 | L11: =((EXP(-(H11-I11)/8033)/EXP(-($E11)/8267))-1)*1000-K11 -> 4.5181655
A12: LPAZ-21P | B12: 75 | C12: 76 | D12: =AVERAGE(B12:C12) -> 75.5 | E12: =VLOOKUP(D12,agemodels!$A$3:$E$265,4,0) -> 14734.3 | F12: =VLOOKUP(D12,agemodels!$A$3:$F$265,6,0) -> 396.70918 | G12: Planulina ariminensis | H12: 15660 | I12: 35 | J12: 204764 | K12: =((EXP(-(H12)/8033)/EXP(-($E12)/8267))-1)*1000 -> -153.93184 | L12: =((EXP(-(H12-I12)/8033)/EXP(-($E12)/8267))-1)*1000-K12 -> 3.6943845
A13: LPAZ-21P | B13: 77 | C13: 78 | D13: =AVERAGE(B13:C13) -> 77.5 | E13: =VLOOKUP(D13,agemodels!$A$3:$E$265,4,0) -> 15156.9 | F13: =VLOOKUP(D13,agemodels!$A$3:$F$265,6,0) -> 412.88265 | G13: Planulina ariminensis | H13: 16775 | I13: 45 | J13: 203058 | K13: =((EXP(-(H13)/8033)/EXP(-($E13)/8267))-1)*1000 -> -224.95864 | L13: =((EXP(-(H13-I13)/8033)/EXP(-($E13)/8267))-1)*1000-K13 -> 4.3538817
A14: LPAZ-21P | B14: 77 | C14: 79 | D14: =AVERAGE(B14:C14) -> 78 | E14: =VLOOKUP(D14,agemodels!$A$3:$E$265,4,0) -> 15258.4 | F14: =VLOOKUP(D14,agemodels!$A$3:$F$265,6,0) -> 424.03061 | G14: Planulina ariminensis | H14: 16760 | I14: 70 | J14: 175789 | K14: =((EXP(-(H14)/8033)/EXP(-($E14)/8267))-1)*1000 -> -213.91776 | L14: =((EXP(-(H14-I14)/8033)/EXP(-($E14)/8267))-1)*1000-K14 -> 6.8798959
A15: LPAZ-21P | B15: 78 | C15: 79 | D15: =AVERAGE(B15:C15) -> 78.5 | E15: =VLOOKUP(D15,agemodels!$A$3:$E$265,4,0) -> 15363.7 | F15: =VLOOKUP(D15,agemodels!$A$3:$F$265,6,0) -> 416.96429 | G15: Planulina ariminensis | H15: 17020 | I15: 60 | J15: 206076 | K15: =((EXP(-(H15)/8033)/EXP(-($E15)/8267))-1)*1000 -> -229.19739 | L15: =((EXP(-(H15-I15)/8033)/EXP(-($E15)/8267))-1)*1000-K15 -> 5.7788255
A16: LPAZ-21P | B16: 79 | C16: 81 | D16: =AVERAGE(B16:C16) -> 80 | E16: =VLOOKUP(D16,agemodels!$A$3:$E$265,4,0) -> 15687.2 | F16: =VLOOKUP(D16,agemodels!$A$3:$F$265,6,0) -> 433.13776 | G16: Planulina ariminensis | H16: 16550 | I16: 45 | J16: 181535 | K16: =((EXP(-(H16)/8033)/EXP(-($E16)/8267))-1)*1000 -> -150.13929 | L16: =((EXP(-(H16-I16)/8033)/EXP(-($E16)/8267))-1)*1000-K16 -> 4.7741878
A17: LPAZ-21P | B17: 80 | C17: 81 | D17: =AVERAGE(B17:C17) -> 80.5 | E17: =VLOOKUP(D17,agemodels!$A$3:$E$265,4,0) -> 15796.1 | F17: =VLOOKUP(D17,agemodels!$A$3:$F$265,6,0) -> 422.95918 | G17: Planulina ariminensis | H17: 15920 | I17: 100 | J17: 206078 | K17: =((EXP(-(H17)/8033)/EXP(-($E17)/8267))-1)*1000 -> -68.615853 | L17: =((EXP(-(H17-I17)/8033)/EXP(-($E17)/8267))-1)*1000-K17 -> 11.666943
A18: LPAZ-21P | B18: 82 | C18: 84 | D18: =AVERAGE(B18:C18) -> 83 | E18: =VLOOKUP(D18,agemodels!$A$3:$E$265,4,0) -> 16311.5 | F18: =VLOOKUP(D18,agemodels!$A$3:$F$265,6,0) -> 421.07143 | G18: Planulina ariminensis | H18: 17520 | I18: 80 | J18: 175800 | K18: =((EXP(-(H18)/8033)/EXP(-($E18)/8267))-1)*1000 -> -187.72603 | L18: =((EXP(-(H18-I18)/8033)/EXP(-($E18)/8267))-1)*1000-K18 -> 8.1297858
A19: LPAZ-21P | B19: 84.5 | C19: 85.5 | D19: =AVERAGE(B19:C19) -> 85 | E19: =VLOOKUP(D19,agemodels!$A$3:$E$265,4,0) -> 16724.2 | F19: =VLOOKUP(D19,agemodels!$A$3:$F$265,6,0) -> 390.84184 | G19: Planulina ariminensis | H19: 16640 | I19: 140 | J19: 178190 | K19: =((EXP(-(H19)/8033)/EXP(-($E19)/8267))-1)*1000 -> -47.293226 | L19: =((EXP(-(H19-I19)/8033)/EXP(-($E19)/8267))-1)*1000-K19 -> 16.749409
A20: LPAZ-21P | B20: 85.5 | C20: 87 | D20: =AVERAGE(B20:C20) -> 86.25 | E20: =VLOOKUP(C20,agemodels!$A$3:$E$265,4,0) -> 17125.4 | F20: =VLOOKUP(C20,agemodels!$A$3:$F$265,6,0) -> 356.65816 | G20: Planulina ariminensis | H20: 17760 | I20: 60 | J20: 181548 | K20: =((EXP(-(H20)/8033)/EXP(-($E20)/8267))-1)*1000 -> -130.07013 | L20: =((EXP(-(H20-I20)/8033)/EXP(-($E20)/8267))-1)*1000-K20 -> 6.5219978
A21: LPAZ-21P | B21: 87 | C21: 87.5 | D21: =AVERAGE(B21:C21) -> 87.25 | E21: =VLOOKUP(C21,agemodels!$A$3:$E$265,4,0) -> 17231.5 | F21: =VLOOKUP(C21,agemodels!$A$3:$F$265,6,0) -> 324.13265 | G21: Planulina ariminensis | H21: 17615 | I21: 50 | J21: 181536 | K21: =((EXP(-(H21)/8033)/EXP(-($E21)/8267))-1)*1000 -> -102.7834 | L21: =((EXP(-(H21-I21)/8033)/EXP(-($E21)/8267))-1)*1000-K21 -> 5.6019836
A22: LPAZ-21P | B22: 87.5 | C22: 88 | D22: =AVERAGE(B22:C22) -> 87.75 | E22: =VLOOKUP(C22,agemodels!$A$3:$E$265,4,0) -> 17343.8 | F22: =VLOOKUP(C22,agemodels!$A$3:$F$265,6,0) -> 313.69898 | G22: Planulina ariminensis | H22: 17350 | I22: 70 | J22: 201575 | K22: =((EXP(-(H22)/8033)/EXP(-($E22)/8267))-1)*1000 -> -60.008954 | L22: =((EXP(-(H22-I22)/8033)/EXP(-($E22)/8267))-1)*1000-K22 -> 8.2269261
A23: LPAZ-21P | B23: 88 | C23: 89 | D23: =AVERAGE(B23:C23) -> 88.5 | E23: =VLOOKUP(D23,agemodels!$A$3:$E$265,4,0) -> 17549.2 | F23: =VLOOKUP(D23,agemodels!$A$3:$F$265,6,0) -> 292.62755 | G23: Planulina ariminensis | H23: 17610 | I23: 60 | J23: 201577 | K23: =((EXP(-(H23)/8033)/EXP(-($E23)/8267))-1)*1000 -> -67.051843 | L23: =((EXP(-(H23-I23)/8033)/EXP(-($E23)/8267))-1)*1000-K23 -> 6.9944556
A24: LPAZ-21P | B24: 89 | C24: 90 | D24: =AVERAGE(B24:C24) -> 89.5 | E24: =VLOOKUP(D24,agemodels!$A$3:$E$265,4,0) -> 17922.4 | F24: =VLOOKUP(D24,agemodels!$A$3:$F$265,6,0) -> 351.5051 | G24: Planulina ariminensis | H24: 18140 | I24: 60 | J24: 183754 | K24: =((EXP(-(H24)/8033)/EXP(-($E24)/8267))-1)*1000 -> -86.288265 | L24: =((EXP(-(H24-I24)/8033)/EXP(-($E24)/8267))-1)*1000-K24 -> 6.8502372
A25: LPAZ-21P | B25: 90 | C25: 91 | D25: =AVERAGE(B25:C25) -> 90.5 | E25: =VLOOKUP(D25,agemodels!$A$3:$E$265,4,0) -> 18266.8 | F25: =VLOOKUP(D25,agemodels!$A$3:$F$265,6,0) -> 396.04592 | G25: Planulina ariminensis | H25: 18190 | I25: 450 | J25: 203049 | K25: =((EXP(-(H25)/8033)/EXP(-($E25)/8267))-1)*1000 -> -53.330137 | L25: =((EXP(-(H25-I25)/8033)/EXP(-($E25)/8267))-1)*1000-K25 -> 54.544936
A26: LPAZ-21P | B26: 91 | C26: 92 | D26: =AVERAGE(B26:C26) -> 91.5 | E26: =VLOOKUP(D26,agemodels!$A$3:$E$265,4,0) -> 18611.8 | F26: =VLOOKUP(D26,agemodels!$A$3:$F$265,6,0) -> 427.09184 | G26: Planulina ariminensis | H26: 19220 | I26: 450 | J26: 201581 | K26: =((EXP(-(H26)/8033)/EXP(-($E26)/8267))-1)*1000 -> -131.76578 | L26: =((EXP(-(H26-I26)/8033)/EXP(-($E26)/8267))-1)*1000-K26 -> 50.025655
A27: LPAZ-21P | B27: 92 | C27: 93 | D27: =AVERAGE(B27:C27) -> 92.5 | E27: =VLOOKUP(D27,agemodels!$A$3:$E$265,4,0) -> 18977.8 | F27: =VLOOKUP(D27,agemodels!$A$3:$F$265,6,0) -> 439.61735 | G27: Planulina ariminensis | H27: 16800 | I27: 70 | J27: 201583 | K27: =((EXP(-(H27)/8033)/EXP(-($E27)/8267))-1)*1000 -> 226.58755 | L27: =((EXP(-(H27-I27)/8033)/EXP(-($E27)/8267))-1)*1000-K27 -> 10.735257
A28: LPAZ-21P | B28: 92 | C28: 94 | D28: =AVERAGE(B28:C28) -> 93 | E28: =VLOOKUP(D28,agemodels!$A$3:$E$265,4,0) -> 19161.2 | F28: =VLOOKUP(D28,agemodels!$A$3:$F$265,6,0) -> 466.70918 | G28: Planulina ariminensis | H28: 16805 | I28: 45 | J28: 181538 | K28: =((EXP(-(H28)/8033)/EXP(-($E28)/8267))-1)*1000 -> 253.32262 | L28: =((EXP(-(H28-I28)/8033)/EXP(-($E28)/8267))-1)*1000-K28 -> 7.0406803
A29: LPAZ-21P | B29: 93 | C29: 94 | D29: =AVERAGE(B29:C29) -> 93.5 | E29: =VLOOKUP(D29,agemodels!$A$3:$E$265,4,0) -> 19326.3 | F29: =VLOOKUP(D29,agemodels!$A$3:$F$265,6,0) -> 453.67347 | G29: Planulina ariminensis | H29: 16530 | I29: 60 | J29: 201588 | K29: =((EXP(-(H29)/8033)/EXP(-($E29)/8267))-1)*1000 -> 323.13361 | L29: =((EXP(-(H29-I29)/8033)/EXP(-($E29)/8267))-1)*1000-K29 -> 9.9197359
A30: LPAZ-21P | B30: 94 | C30: 95 | D30: =AVERAGE(B30:C30) -> 94.5 | E30: =VLOOKUP(D30,agemodels!$A$3:$E$265,4,0) -> 19670 | F30: =VLOOKUP(D30,agemodels!$A$3:$F$265,6,0) -> 460.35714 | G30: Planulina ariminensis | H30: 16960 | I30: 100 | J30: 192493 | K30: =((EXP(-(H30)/8033)/EXP(-($E30)/8267))-1)*1000 -> 307.4107 | L30: =((EXP(-(H30-I30)/8033)/EXP(-($E30)/8267))-1)*1000-K30 -> 16.377223
A31: LPAZ-21P | B31: 96 | C31: 97 | D31: =AVERAGE(B31:C31) -> 96.5 | E31: =VLOOKUP(D31,agemodels!$A$3:$E$265,4,0) -> 21733.8 | F31: =VLOOKUP(D31,agemodels!$A$3:$F$265,6,0) -> 391.86224 | G31: Planulina ariminensis | H31: 20240 | I31: 70 | J31: 181551 | K31: =((EXP(-(H31)/8033)/EXP(-($E31)/8267))-1)*1000 -> 115.58182 | L31: =((EXP(-(H31-I31)/8033)/EXP(-($E31)/8267))-1)*1000-K31 -> 9.7637198
A32: LPAZ-21P | B32: 97 | C32: 98 | D32: =AVERAGE(B32:C32) -> 97.5 | E32: =VLOOKUP(D32,agemodels!$A$3:$E$265,4,0) -> 22709.2 | F32: =VLOOKUP(D32,agemodels!$A$3:$F$265,6,0) -> 304.15816 | G32: Planulina ariminensis | H32: 19580 | I32: 670 | J32: 200178 | K32: =((EXP(-(H32)/8033)/EXP(-($E32)/8267))-1)*1000 -> 362.77675 | L32: =((EXP(-(H32-I32)/8033)/EXP(-($E32)/8267))-1)*1000-K32 -> 118.53838
A33: LPAZ-21P | B33: 97 | C33: 99 | D33: =AVERAGE(B33:C33) -> 98 | E33: =VLOOKUP(D33,agemodels!$A$3:$E$265,4,0) -> 22809.2 | F33: =VLOOKUP(D33,agemodels!$A$3:$F$265,6,0) -> 319.77041 | G33: Planulina ariminensis | H33: 20196.667 | I33: 263.33333 | J33: 178194, 181540 | K33: =((EXP(-(H33)/8033)/EXP(-($E33)/8267))-1)*1000 -> 277.43474 | L33: =((EXP(-(H33-I33)/8033)/EXP(-($E33)/8267))-1)*1000-K33 -> 42.570097
A34: LPAZ-21P | B34: 98 | C34: 99 | D34: =AVERAGE(B34:C34) -> 98.5 | E34: =VLOOKUP(D34,agemodels!$A$3:$E$265,4,0) -> 22898.9 | F34: =VLOOKUP(D34,agemodels!$A$3:$F$265,6,0) -> 302.52551 | G34: Planulina ariminensis | H34: 20240 | I34: 260 | J34: 200181 | K34: =((EXP(-(H34)/8033)/EXP(-($E34)/8267))-1)*1000 -> 284.42341 | L34: =((EXP(-(H34-I34)/8033)/EXP(-($E34)/8267))-1)*1000-K34 -> 42.252367
A35: LPAZ-21P | B35: 99 | C35: 100 | D35: =AVERAGE(B35:C35) -> 99.5 | E35: =VLOOKUP(D35,agemodels!$A$3:$E$265,4,0) -> 23072.9 | F35: =VLOOKUP(D35,agemodels!$A$3:$F$265,6,0) -> 298.57143 | G35: Planulina ariminensis | H35: 20490 | I35: 160 | J35: 200525 | K35: =((EXP(-(H35)/8033)/EXP(-($E35)/8267))-1)*1000 -> 271.54898 | L35: =((EXP(-(H35-I35)/8033)/EXP(-($E35)/8267))-1)*1000-K35 -> 25.580415
A36: LPAZ-21P | B36: 100 | C36: 101 | D36: =AVERAGE(B36:C36) -> 100.5 | E36: =VLOOKUP(D36,agemodels!$A$3:$E$265,4,0) -> 23256 | F36: =VLOOKUP(D36,agemodels!$A$3:$F$265,6,0) -> 278.34184 | G36: Planulina ariminensis | H36: 20630 | I36: 120 | J36: 200527 | K36: =((EXP(-(H36)/8033)/EXP(-($E36)/8267))-1)*1000 -> 277.56512 | L36: =((EXP(-(H36-I36)/8033)/EXP(-($E36)/8267))-1)*1000-K36 -> 19.228012
A37: LPAZ-21P | B37: 101 | C37: 102 | D37: =AVERAGE(B37:C37) -> 101.5 | E37: =VLOOKUP(D37,agemodels!$A$3:$E$265,4,0) -> 23438.1 | F37: =VLOOKUP(D37,agemodels!$A$3:$F$265,6,0) -> 255.20408 | G37: Planulina ariminensis | H37: 20630 | I37: 80 | J37: 181554 | K37: =((EXP(-(H37)/8033)/EXP(-($E37)/8267))-1)*1000 -> 306.01871 | L37: =((EXP(-(H37-I37)/8033)/EXP(-($E37)/8267))-1)*1000-K37 -> 13.071516
A38: LPAZ-21P | B38: 104 | C38: 106 | D38: =AVERAGE(B38:C38) -> 105 | E38: =VLOOKUP(D38,agemodels!$A$3:$E$265,4,0) -> 24297.8 | F38: =VLOOKUP(D38,agemodels!$A$3:$F$265,6,0) -> 296.37755 | G38: Planulina ariminensis | H38: 21520 | I38: 80 | J38: 176294 | K38: =((EXP(-(H38)/8033)/EXP(-($E38)/8267))-1)*1000 -> 297.16635 | L38: =((EXP(-(H38-I38)/8033)/EXP(-($E38)/8267))-1)*1000-K38 -> 12.982916
A39: LPAZ-21P | B39: 110 | C39: 111 | D39: =AVERAGE(B39:C39) -> 110.5 | E39: =VLOOKUP(D39,agemodels!$A$3:$E$265,4,0) -> 25927.6 | F39: =VLOOKUP(D39,agemodels!$A$3:$F$265,6,0) -> 370.58673 | G39: Planulina ariminensis | H39: 22660 | I39: 90 | J39: 201590 | K39: =((EXP(-(H39)/8033)/EXP(-($E39)/8267))-1)*1000 -> 370.82511 | L39: =((EXP(-(H39-I39)/8033)/EXP(-($E39)/8267))-1)*1000-K39 -> 15.444787
A40: LPAZ-21P | B40: 114 | C40: 115 | D40: =AVERAGE(B40:C40) -> 114.5 | E40: =VLOOKUP(D40,agemodels!$A$3:$E$265,4,0) -> 27223.4 | F40: =VLOOKUP(D40,agemodels!$A$3:$F$265,6,0) -> 541.9898 | G40: Planulina ariminensis | H40: 25490 | I40: 80 | J40: 204773 | K40: =((EXP(-(H40)/8033)/EXP(-($E40)/8267))-1)*1000 -> 127.33871 | L40: =((EXP(-(H40-I40)/8033)/EXP(-($E40)/8267))-1)*1000-K40 -> 11.283166
A41: LPAZ-21P | B41: 115 | C41: 116 | D41: =AVERAGE(B41:C41) -> 115.5 | E41: =VLOOKUP(D41,agemodels!$A$3:$E$265,4,0) -> 27573.8 | F41: =VLOOKUP(D41,agemodels!$A$3:$F$265,6,0) -> 586.14796 | G41: Planulina ariminensis | H41: 25590 | I41: 100 | J41: 204776 | K41: =((EXP(-(H41)/8033)/EXP(-($E41)/8267))-1)*1000 -> 161.5978 | L41: =((EXP(-(H41-I41)/8033)/EXP(-($E41)/8267))-1)*1000-K41 -> 14.550704
A42: LPAZ-21P | B42: 116 | C42: 117 | D42: =AVERAGE(B42:C42) -> 116.5 | E42: =VLOOKUP(D42,agemodels!$A$3:$E$265,4,0) -> 27914.6 | F42: =VLOOKUP(D42,agemodels!$A$3:$F$265,6,0) -> 619.94898 | G42: Planulina ariminensis | H42: 27020 | I42: 190 | J42: 206080 | K42: =((EXP(-(H42)/8033)/EXP(-($E42)/8267))-1)*1000 -> 13.08986 | L42: =((EXP(-(H42-I42)/8033)/EXP(-($E42)/8267))-1)*1000-K42 -> 24.247669
A43: LPAZ-21P | B43: 116 | C43: 118 | D43: =AVERAGE(B43:C43) -> 117 | E43: =VLOOKUP(D43,agemodels!$A$3:$E$265,4,0) -> 28090 | F43: =VLOOKUP(D43,agemodels!$A$3:$F$265,6,0) -> 650.15306 | G43: Planulina ariminensis | H43: 26540 | I43: 410 | J43: 176296 | K43: =((EXP(-(H43)/8033)/EXP(-($E43)/8267))-1)*1000 -> 98.532646 | L43: =((EXP(-(H43-I43)/8033)/EXP(-($E43)/8267))-1)*1000-K43 -> 57.524026
A44: LPAZ-21P | B44: 117 | C44: 118 | D44: =AVERAGE(B44:C44) -> 117.5 | E44: =VLOOKUP(D44,agemodels!$A$3:$E$265,4,0) -> 28278.8 | F44: =VLOOKUP(D44,agemodels!$A$3:$F$265,6,0) -> 653.52041 | G44: Planulina ariminensis | H44: 26190 | I44: 160 | J44: 206085 | K44: =((EXP(-(H44)/8033)/EXP(-($E44)/8267))-1)*1000 -> 173.96087 | L44: =((EXP(-(H44-I44)/8033)/EXP(-($E44)/8267))-1)*1000-K44 -> 23.617184
A45: LPAZ-21P | B45: 119 | C45: 120 | D45: =AVERAGE(B45:C45) -> 119.5 | E45: =VLOOKUP(D45,agemodels!$A$3:$E$265,4,0) -> 28982 | F45: =VLOOKUP(D45,agemodels!$A$3:$F$265,6,0) -> 767.32143 | G45: Planulina ariminensis | H45: 27410 | I45: 780 | J45: 177324 | K45: =((EXP(-(H45)/8033)/EXP(-($E45)/8267))-1)*1000 -> 98.088518 | L45: =((EXP(-(H45-I45)/8033)/EXP(-($E45)/8267))-1)*1000-K45 -> 111.97206
A46: LPAZ-21P | B46: 122 | C46: 124 | D46: =AVERAGE(B46:C46) -> 123 | E46: =VLOOKUP(D46,agemodels!$A$3:$E$265,4,0) -> 30259.7 | F46: =VLOOKUP(D46,agemodels!$A$3:$F$265,6,0) -> 972.47449 | G46: Planulina ariminensis | H46: 28440 | I46: 420 | J46: 176317 | K46: =((EXP(-(H46)/8033)/EXP(-($E46)/8267))-1)*1000 -> 127.38875 | L46: =((EXP(-(H46-I46)/8033)/EXP(-($E46)/8267))-1)*1000-K46 -> 60.512916
A47: LPAZ-21P | B47: 2 | C47: 3 | D47: =AVERAGE(B47:C47) -> 2.5 | E47: 5428.3 | F47: 370.35 | G47: Uvigerina peregrina | H47: 5831.6667 | I47: 58.333333 | J47: 157540, 157542, 157543 | K47: =((EXP(-(H47)/8033)/EXP(-($E47)/8267))-1)*1000 -> -66.991545 | L47: =((EXP(-(H47-I47)/8033)/EXP(-($E47)/8267))-1)*1000-K47 -> 6.7998984
A48: LPAZ-21P | B48: 22 | C48: 24 | D48: =AVERAGE(B48:C48) -> 23 | E48: 6803.4 | F48: 161.75 | G48: Uvigerina peregrina | H48: 7215 | I48: 20 | J48: 160284 | K48: =((EXP(-(H48)/8033)/EXP(-($E48)/8267))-1)*1000 -> -72.452522 | L48: =((EXP(-(H48-I48)/8033)/EXP(-($E48)/8267))-1)*1000-K48 -> 2.3122199
A49: LPAZ-21P | B49: 42 | C49: 44 | D49: =AVERAGE(B49:C49) -> 43 | E49: 7987.6 | F49: 102.8 | G49: Uvigerina peregrina | H49: 8425 | I49: 22.5 | J49: 160293, 176715 | K49: =((EXP(-(H49)/8033)/EXP(-($E49)/8267))-1)*1000 -> -79.276707 | L49: =((EXP(-(H49-I49)/8033)/EXP(-($E49)/8267))-1)*1000-K49 -> 2.5825114
A50: LPAZ-21P | B50: 46 | C50: 48 | D50: =AVERAGE(B50:C50) -> 47 | E50: 8175.2 | F50: 168 | G50: Uvigerina peregrina | H50: 9185 | I50: 25 | J50: 176718 | K50: =((EXP(-(H50)/8033)/EXP(-($E50)/8267))-1)*1000 -> -143.1675 | L50: =((EXP(-(H50-I50)/8033)/EXP(-($E50)/8267))-1)*1000-K50 -> 2.6707556
A51: LPAZ-21P | B51: 48 | C51: 50 | D51: =AVERAGE(B51:C51) -> 49 | E51: 8263.2 | F51: 189.45 | G51: Uvigerina peregrina | H51: 8865 | I51: 35 | J51: 176280 | K51: =((EXP(-(H51)/8033)/EXP(-($E51)/8267))-1)*1000 -> -98.803921 | L51: =((EXP(-(H51-I51)/8033)/EXP(-($E51)/8267))-1)*1000-K51 -> 3.9351023
A52: LPAZ-21P | B52: 52 | C52: 55 | D52: =AVERAGE(B52:C52) -> 53.5 | E52: 8465.8 | F52: 200.6 | G52: Uvigerina peregrina | H52: 9075 | I52: 35 | J52: 176282 | K52: =((EXP(-(H52)/8033)/EXP(-($E52)/8267))-1)*1000 -> -100.27625 | L52: =((EXP(-(H52-I52)/8033)/EXP(-($E52)/8267))-1)*1000-K52 -> 3.9286734
A53: LPAZ-21P | B53: 57 | C53: 59 | D53: =AVERAGE(B53:C53) -> 58 | E53: 8665.5 | F53: 168.9 | G53: Uvigerina peregrina | H53: 9077.5 | I53: 30 | J53: 176284, 181565 | K53: =((EXP(-(H53)/8033)/EXP(-($E53)/8267))-1)*1000 -> -78.564446 | L53: =((EXP(-(H53-I53)/8033)/EXP(-($E53)/8267))-1)*1000-K53 -> 3.4476222
A54: LPAZ-21P | B54: 61 | C54: 63 | D54: =AVERAGE(B54:C54) -> 62 | E54: 9401.5 | F54: 173.05 | G54: Uvigerina peregrina | H54: 9370 | I54: 25 | J54: 176721 | K54: =((EXP(-(H54)/8033)/EXP(-($E54)/8267))-1)*1000 -> -28.783696 | L54: =((EXP(-(H54-I54)/8033)/EXP(-($E54)/8267))-1)*1000-K54 -> 3.0272911
A55: LPAZ-21P | B55: 63 | C55: 65 | D55: =AVERAGE(B55:C55) -> 64 | E55: 12405 | F55: 238.25 | G55: Uvigerina peregrina | H55: 14105 | I55: 47.5 | J55: 162170, 161631.00 | K55: =((EXP(-(H55)/8033)/EXP(-($E55)/8267))-1)*1000 -> -225.34511 | L55: =((EXP(-(H55-I55)/8033)/EXP(-($E55)/8267))-1)*1000-K55 -> 4.5941879
A56: LPAZ-21P | B56: 66 | C56: 67 | D56: =AVERAGE(B56:C56) -> 66.5 | E56: 12997.5 | F56: 245.75 | G56: Uvigerina peregrina | H56: 15210 | I56: 45 | J56: 178178 | K56: =((EXP(-(H56)/8033)/EXP(-($E56)/8267))-1)*1000 -> -274.73976 | L56: =((EXP(-(H56-I56)/8033)/EXP(-($E56)/8267))-1)*1000-K56 -> 4.0742307
A57: LPAZ-21P | B57: 67 | C57: 69 | D57: =AVERAGE(B57:C57) -> 68 | E57: 13234.5 | F57: 460.5 | G57: Uvigerina peregrina | H57: 14360 | I57: 150 | J57: 178180 | K57: =((EXP(-(H57)/8033)/EXP(-($E57)/8267))-1)*1000 -> -170.34308 | L57: =((EXP(-(H57-I57)/8033)/EXP(-($E57)/8267))-1)*1000-K57 -> 15.637709
A58: LPAZ-21P | B58: 69 | C58: 70.5 | D58: =AVERAGE(B58:C58) -> 69.75 | E58: =VLOOKUP(C58,agemodels!$A$3:$E$265,4,0) -> 13690.9 | F58: =VLOOKUP(C58,agemodels!$A$3:$F$265,6,0) -> 297.83163 | G58: Uvigerina peregrina | H58: 14870 | I58: 170 | J58: 178182 | K58: =((EXP(-(H58)/8033)/EXP(-($E58)/8267))-1)*1000 -> -177.18482 | L58: =((EXP(-(H58-I58)/8033)/EXP(-($E58)/8267))-1)*1000-K58 -> 17.598554
A59: LPAZ-21P | B59: 70.5 | C59: 71.5 | D59: =AVERAGE(B59:C59) -> 71 | E59: =VLOOKUP(D59,agemodels!$A$3:$E$265,4,0) -> 13791.5 | F59: =VLOOKUP(D59,agemodels!$A$3:$F$265,6,0) -> 325.20408 | G59: Uvigerina peregrina | H59: 15705 | I59: 35 | J59: 203475 | K59: =((EXP(-(H59)/8033)/EXP(-($E59)/8267))-1)*1000 -> -249.33893 | L59: =((EXP(-(H59-I59)/8033)/EXP(-($E59)/8267))-1)*1000-K59 -> 3.2777863
A60: LPAZ-21P | B60: 71.5 | C60: 72.5 | D60: =AVERAGE(B60:C60) -> 72 | E60: =VLOOKUP(D60,agemodels!$A$3:$E$265,4,0) -> 14001.9 | F60: =VLOOKUP(D60,agemodels!$A$3:$F$265,6,0) -> 344.61735 | G60: Uvigerina peregrina | H60: 16075 | I60: 40 | J60: 203477 | K60: =((EXP(-(H60)/8033)/EXP(-($E60)/8267))-1)*1000 -> -264.65128 | L60: =((EXP(-(H60-I60)/8033)/EXP(-($E60)/8267))-1)*1000-K60 -> 3.670771
A61: LPAZ-21P | B61: 72 | C61: 73 | D61: =AVERAGE(B61:C61) -> 72.5 | E61: =VLOOKUP(D61,agemodels!$A$3:$E$265,4,0) -> 14108.9 | F61: =VLOOKUP(D61,agemodels!$A$3:$F$265,6,0) -> 350.7398 | G61: Uvigerina peregrina | H61: 16575 | I61: 45 | J61: 203479 | K61: =((EXP(-(H61)/8033)/EXP(-($E61)/8267))-1)*1000 -> -300.02501 | L61: =((EXP(-(H61-I61)/8033)/EXP(-($E61)/8267))-1)*1000-K61 -> 3.932188
A62: LPAZ-21P | B62: 73 | C62: 74 | D62: =AVERAGE(B62:C62) -> 73.5 | E62: =VLOOKUP(D62,agemodels!$A$3:$E$265,4,0) -> 14314.9 | F62: =VLOOKUP(D62,agemodels!$A$3:$F$265,6,0) -> 368.41837 | G62: Uvigerina peregrina | H62: 16830 | I62: 50 | J62: 203481 | K62: =((EXP(-(H62)/8033)/EXP(-($E62)/8267))-1)*1000 -> -304.78656 | L62: =((EXP(-(H62-I62)/8033)/EXP(-($E62)/8267))-1)*1000-K62 -> 4.3407292
A63: LPAZ-21P | B63: 74 | C63: 76 | D63: =AVERAGE(B63:C63) -> 75 | E63: =VLOOKUP(D63,agemodels!$A$3:$E$265,4,0) -> 14629.5 | F63: =VLOOKUP(D63,agemodels!$A$3:$F$265,6,0) -> 399.20918 | G63: Uvigerina peregrina | H63: 17740 | I63: 60 | J63: 181566 | K63: =((EXP(-(H63)/8033)/EXP(-($E63)/8267))-1)*1000 -> -355.16716 | L63: =((EXP(-(H63-I63)/8033)/EXP(-($E63)/8267))-1)*1000-K63 -> 4.8344108
A64: LPAZ-21P | B64: 77 | C64: 79 | D64: =AVERAGE(B64:C64) -> 78 | E64: =VLOOKUP(D64,agemodels!$A$3:$E$265,4,0) -> 15258.4 | F64: =VLOOKUP(D64,agemodels!$A$3:$F$265,6,0) -> 424.03061 | G64: Uvigerina peregrina | H64: 17640 | I64: 60 | J64: 175790 | K64: =((EXP(-(H64)/8033)/EXP(-($E64)/8267))-1)*1000 -> -295.4824 | L64: =((EXP(-(H64-I64)/8033)/EXP(-($E64)/8267))-1)*1000-K64 -> 5.2818766
A65: LPAZ-21P | B65: 79 | C65: 81 | D65: =AVERAGE(B65:C65) -> 80 | E65: =VLOOKUP(D65,agemodels!$A$3:$E$265,4,0) -> 15687.2 | F65: =VLOOKUP(D65,agemodels!$A$3:$F$265,6,0) -> 433.13776 | G65: Uvigerina peregrina | H65: 15720 | I65: 150 | J65: 178188 | K65: =((EXP(-(H65)/8033)/EXP(-($E65)/8267))-1)*1000 -> -57.631627 | L65: =((EXP(-(H65-I65)/8033)/EXP(-($E65)/8267))-1)*1000-K65 -> 17.76214
A66: LPAZ-21P | B66: 82 | C66: 84 | D66: =AVERAGE(B66:C66) -> 83 | E66: =VLOOKUP(D66,agemodels!$A$3:$E$265,4,0) -> 16311.5 | F66: =VLOOKUP(D66,agemodels!$A$3:$F$265,6,0) -> 421.07143 | G66: Uvigerina peregrina | H66: 17620 | I66: 70 | J66: 178777 | K66: =((EXP(-(H66)/8033)/EXP(-($E66)/8267))-1)*1000 -> -197.77507 | L66: =((EXP(-(H66-I66)/8033)/EXP(-($E66)/8267))-1)*1000-K66 -> 7.0211788
A67: LPAZ-21P | B67: 84.5 | C67: 85.5 | D67: =AVERAGE(B67:C67) -> 85 | E67: =VLOOKUP(D67,agemodels!$A$3:$E$265,4,0) -> 16724.2 | F67: =VLOOKUP(D67,agemodels!$A$3:$F$265,6,0) -> 390.84184 | G67: Uvigerina peregrina | H67: 16935 | I67: 45 | J67: 181568 | K67: =((EXP(-(H67)/8033)/EXP(-($E67)/8267))-1)*1000 -> -81.645342 | L67: =((EXP(-(H67-I67)/8033)/EXP(-($E67)/8267))-1)*1000-K67 -> 5.1589603
A68: LPAZ-21P | B68: 85.5 | C68: 87 | D68: =AVERAGE(B68:C68) -> 86.25 | E68: =VLOOKUP(C68,agemodels!$A$3:$E$265,4,0) -> 17125.4 | F68: =VLOOKUP(C68,agemodels!$A$3:$F$265,6,0) -> 356.65816 | G68: Uvigerina peregrina | H68: 18300 | I68: 50 | J68: 181547 | K68: =((EXP(-(H68)/8033)/EXP(-($E68)/8267))-1)*1000 -> -186.62692 | L68: =((EXP(-(H68-I68)/8033)/EXP(-($E68)/8267))-1)*1000-K68 -> 5.0784868
A69: LPAZ-21P | B69: 87 | C69: 87.5 | D69: =AVERAGE(B69:C69) -> 87.25 | E69: =VLOOKUP(C69,agemodels!$A$3:$E$265,4,0) -> 17231.5 | F69: =VLOOKUP(C69,agemodels!$A$3:$F$265,6,0) -> 324.13265 | G69: Uvigerina peregrina | H69: 17495 | I69: 50 | J69: 181537 | K69: =((EXP(-(H69)/8033)/EXP(-($E69)/8267))-1)*1000 -> -89.279834 | L69: =((EXP(-(H69-I69)/8033)/EXP(-($E69)/8267))-1)*1000-K69 -> 5.6862963
A70: LPAZ-21P | B70: 87.5 | C70: 88 | D70: =AVERAGE(B70:C70) -> 87.75 | E70: =VLOOKUP(C70,agemodels!$A$3:$E$265,4,0) -> 17343.8 | F70: =VLOOKUP(C70,agemodels!$A$3:$F$265,6,0) -> 313.69898 | G70: Uvigerina peregrina | H70: 16755 | I70: 40 | J70: 203046 | K70: =((EXP(-(H70)/8033)/EXP(-($E70)/8267))-1)*1000 -> 12.259068 | L70: =((EXP(-(H70-I70)/8033)/EXP(-($E70)/8267))-1)*1000-K70 -> 5.0530736
A71: LPAZ-21P | B71: 88 | C71: 89 | D71: =AVERAGE(B71:C71) -> 88.5 | E71: =VLOOKUP(D71,agemodels!$A$3:$E$265,4,0) -> 17549.2 | F71: =VLOOKUP(D71,agemodels!$A$3:$F$265,6,0) -> 292.62755 | G71: Uvigerina peregrina | H71: 18430 | I71: 70 | J71: 203047 | K71: =((EXP(-(H71)/8033)/EXP(-($E71)/8267))-1)*1000 -> -157.58673 | L71: =((EXP(-(H71-I71)/8033)/EXP(-($E71)/8267))-1)*1000-K71 -> 7.3729125
A72: LPAZ-21P | B72: 89 | C72: 90 | D72: =AVERAGE(B72:C72) -> 89.5 | E72: =VLOOKUP(D72,agemodels!$A$3:$E$265,4,0) -> 17922.4 | F72: =VLOOKUP(D72,agemodels!$A$3:$F$265,6,0) -> 351.5051 | G72: Uvigerina peregrina | H72: 15895 | I72: 40 | J72: 183755 | K72: =((EXP(-(H72)/8033)/EXP(-($E72)/8267))-1)*1000 -> 208.32129 | L72: =((EXP(-(H72-I72)/8033)/EXP(-($E72)/8267))-1)*1000-K72 -> 6.0317923
A73: LPAZ-21P | B73: 90 | C73: 91 | D73: =AVERAGE(B73:C73) -> 90.5 | E73: =VLOOKUP(D73,agemodels!$A$3:$E$265,4,0) -> 18266.8 | F73: =VLOOKUP(D73,agemodels!$A$3:$F$265,6,0) -> 396.04592 | G73: Uvigerina peregrina | H73: 18390 | I73: 45 | J73: 203048 | K73: =((EXP(-(H73)/8033)/EXP(-($E73)/8267))-1)*1000 -> -76.608671 | L73: =((EXP(-(H73-I73)/8033)/EXP(-($E73)/8267))-1)*1000-K73 -> 5.1872543
A74: LPAZ-21P | B74: 90 | C74: 92 | D74: =AVERAGE(B74:C74) -> 91 | E74: =VLOOKUP(D74,agemodels!$A$3:$E$265,4,0) -> 18438.3 | F74: =VLOOKUP(D74,agemodels!$A$3:$F$265,6,0) -> 437.67857 | G74: Uvigerina peregrina | H74: 18175 | I74: 50 | J74: 196212 | K74: =((EXP(-(H74)/8033)/EXP(-($E74)/8267))-1)*1000 -> -31.679771 | L74: =((EXP(-(H74-I74)/8033)/EXP(-($E74)/8267))-1)*1000-K74 -> 6.0459359
A75: LPAZ-21P | B75: 91 | C75: 92 | D75: =AVERAGE(B75:C75) -> 91.5 | E75: =VLOOKUP(D75,agemodels!$A$3:$E$265,4,0) -> 18611.8 | F75: =VLOOKUP(D75,agemodels!$A$3:$F$265,6,0) -> 427.09184 | G75: Uvigerina peregrina | H75: 18940 | I75: 60 | J75: 203050 | K75: =((EXP(-(H75)/8033)/EXP(-($E75)/8267))-1)*1000 -> -100.9688 | L75: =((EXP(-(H75-I75)/8033)/EXP(-($E75)/8267))-1)*1000-K75 -> 6.740175
A76: LPAZ-21P | B76: 92 | C76: 93 | D76: =AVERAGE(B76:C76) -> 92.5 | E76: =VLOOKUP(D76,agemodels!$A$3:$E$265,4,0) -> 18977.8 | F76: =VLOOKUP(D76,agemodels!$A$3:$F$265,6,0) -> 439.61735 | G76: Uvigerina peregrina | H76: 17770 | I76: 45 | J76: 203051 | K76: =((EXP(-(H76)/8033)/EXP(-($E76)/8267))-1)*1000 -> 87.067891 | L76: =((EXP(-(H76-I76)/8033)/EXP(-($E76)/8267))-1)*1000-K76 -> 6.1067258
A77: LPAZ-21P | B77: 92 | C77: 94 | D77: =AVERAGE(B77:C77) -> 93 | E77: =VLOOKUP(D77,agemodels!$A$3:$E$265,4,0) -> 19161.2 | F77: =VLOOKUP(D77,agemodels!$A$3:$F$265,6,0) -> 466.70918 | G77: Uvigerina peregrina | H77: 17535 | I77: 45 | J77: 181539 | K77: =((EXP(-(H77)/8033)/EXP(-($E77)/8267))-1)*1000 -> 144.44863 | L77: =((EXP(-(H77-I77)/8033)/EXP(-($E77)/8267))-1)*1000-K77 -> 6.4290685
A78: LPAZ-21P | B78: 93 | C78: 94 | D78: =AVERAGE(B78:C78) -> 93.5 | E78: =VLOOKUP(D78,agemodels!$A$3:$E$265,4,0) -> 19326.3 | F78: =VLOOKUP(D78,agemodels!$A$3:$F$265,6,0) -> 453.67347 | G78: Uvigerina peregrina | H78: 17980 | I78: 50 | J78: 203052 | K78: =((EXP(-(H78)/8033)/EXP(-($E78)/8267))-1)*1000 -> 104.61566 | L78: =((EXP(-(H78-I78)/8033)/EXP(-($E78)/8267))-1)*1000-K78 -> 6.8969286
A79: LPAZ-21P | B79: 94 | C79: 95 | D79: =AVERAGE(B79:C79) -> 94.5 | E79: =VLOOKUP(D79,agemodels!$A$3:$E$265,4,0) -> 19670 | F79: =VLOOKUP(D79,agemodels!$A$3:$F$265,6,0) -> 460.35714 | G79: Uvigerina peregrina | H79: 17330 | I79: 160 | J79: 178191 | K79: =((EXP(-(H79)/8033)/EXP(-($E79)/8267))-1)*1000 -> 248.55716 | L79: =((EXP(-(H79-I79)/8033)/EXP(-($E79)/8267))-1)*1000-K79 -> 25.117877
A80: LPAZ-21P | B80: 96 | C80: 97 | D80: =AVERAGE(B80:C80) -> 96.5 | E80: =VLOOKUP(D80,agemodels!$A$3:$E$265,4,0) -> 21733.8 | F80: =VLOOKUP(D80,agemodels!$A$3:$F$265,6,0) -> 391.86224 | G80: Uvigerina peregrina | H80: 19630 | I80: 70 | J80: 181550 | K80: =((EXP(-(H80)/8033)/EXP(-($E80)/8267))-1)*1000 -> 203.59491 | L80: =((EXP(-(H80-I80)/8033)/EXP(-($E80)/8267))-1)*1000-K80 -> 10.534022
A81: LPAZ-21P | B81: 97 | C81: 98 | D81: =AVERAGE(B81:C81) -> 97.5 | E81: =VLOOKUP(D81,agemodels!$A$3:$E$265,4,0) -> 22709.2 | F81: =VLOOKUP(D81,agemodels!$A$3:$F$265,6,0) -> 304.15816 | G81: Uvigerina peregrina | H81: 20050 | I81: 130 | J81: 200179 | K81: =((EXP(-(H81)/8033)/EXP(-($E81)/8267))-1)*1000 -> 285.33025 | L81: =((EXP(-(H81-I81)/8033)/EXP(-($E81)/8267))-1)*1000-K81 -> 20.970037
A82: LPAZ-21P | B82: 97 | C82: 99 | D82: =AVERAGE(B82:C82) -> 98 | E82: =VLOOKUP(D82,agemodels!$A$3:$E$265,4,0) -> 22809.2 | F82: =VLOOKUP(D82,agemodels!$A$3:$F$265,6,0) -> 319.77041 | G82: Uvigerina peregrina | H82: 20280 | I82: 310 | J82: 178193 | K82: =((EXP(-(H82)/8033)/EXP(-($E82)/8267))-1)*1000 -> 264.25129 | L82: =((EXP(-(H82-I82)/8033)/EXP(-($E82)/8267))-1)*1000-K82 -> 49.742106
... A91: LPAZ-21P | B91: 119 | C91: 120 | D91: =AVERAGE(B91:C91) -> 119.5 | E91: =VLOOKUP(D91,agemodels!$A$3:$E$265,4,0) -> 28982 | F91: =VLOOKUP(D91,agemodels!$A$3:$F$265,6,0) -> 767.32143 | G91: Uvigerina peregrina | H91: 27870 | I91: 300 | J91: 177323 | K91: =((EXP(-(H91)/8033)/EXP(-($E91)/8267))-1)*1000 -> 36.974325 | L91: =((EXP(-(H91-I91)/8033)/EXP(-($E91)/8267))-1)*1000-K91 -> 39.45902
A92: LPAZ-21P | B92: 122 | C92: 124 | D92: =AVERAGE(B92:C92) -> 123 | E92: =VLOOKUP(D92,agemodels!$A$3:$E$265,4,0) -> 30259.7 | F92: =VLOOKUP(D92,agemodels!$A$3:$F$265,6,0) -> 972.47449 | G92: Uvigerina peregrina | H92: 28945 | I92: 210 | J92: 176318 & 160286 | K92: =((EXP(-(H92)/8033)/EXP(-($E92)/8267))-1)*1000 -> 58.696508 | L92: =((EXP(-(H92-I92)/8033)/EXP(-($E92)/8267))-1)*1000-K92 -> 28.041554
A93: LPAZ-21P | B93: 63 | C93: 65 | D93: =AVERAGE(B93:C93) -> 64 | E93: =VLOOKUP(D93,agemodels!$A$3:$E$265,4,0) -> 11738.5 | F93: =VLOOKUP(D93,agemodels!$A$3:$F$265,6,0) -> 586.22449 | G93: terrestrial wood | H93: 10440 | I93: 550 | J93: 181559 | K93: =((EXP(-(H93)/8033)/EXP(-($E93)/8267))-1)*1000 -> 127.81665 | L93: =((EXP(-(H93-I93)/8033)/EXP(-($E93)/8267))-1)*1000-K93 -> 79.923739
A94: LPAZ-21P | B94: 66 | C94: 67 | D94: =AVERAGE(B94:C94) -> 66.5 | E94: =VLOOKUP(D94,agemodels!$A$3:$E$265,4,0) -> 12821 | F94: =VLOOKUP(D94,agemodels!$A$3:$F$265,6,0) -> 187.19388 | G94: terrestrial wood | H94: 11065 | I94: 30 | J94: 176735 | K94: =((EXP(-(H94)/8033)/EXP(-($E94)/8267))-1)*1000 -> 189.36772 | L94: =((EXP(-(H94-I94)/8033)/EXP(-($E94)/8267))-1)*1000-K94 -> 4.450111
A95: LPAZ-21P | B95: 87 | C95: 87.5 | D95: =AVERAGE(B95:C95) -> 87.25 | E95: =VLOOKUP(C95,agemodels!$A$3:$E$265,4,0) -> 17231.5 | F95: =VLOOKUP(C95,agemodels!$A$3:$F$265,6,0) -> 324.13265 | G95: terrestrial wood | H95: 13590 | I95: 160 | J95: 181561 | K95: =((EXP(-(H95)/8033)/EXP(-($E95)/8267))-1)*1000 -> 480.82617 | L95: =((EXP(-(H95-I95)/8033)/EXP(-($E95)/8267))-1)*1000-K95 -> 29.790554
A96: LPAZ-21P | B96: 87.5 | C96: 88 | D96: =AVERAGE(B96:C96) -> 87.75 | E96: =VLOOKUP(C96,agemodels!$A$3:$E$265,4,0) -> 17343.8 | F96: =VLOOKUP(C96,agemodels!$A$3:$F$265,6,0) -> 313.69898 | G96: terrestrial wood | H96: 14390 | I96: 190 | J96: 201569 | K96: =((EXP(-(H96)/8033)/EXP(-($E96)/8267))-1)*1000 -> 358.79067 | L96: =((EXP(-(H96-I96)/8033)/EXP(-($E96)/8267))-1)*1000-K96 -> 32.5218
A97: LPAZ-21P | B97: 92 | C97: 93 | D97: =AVERAGE(B97:C97) -> 92.5 | E97: =VLOOKUP(D97,agemodels!$A$3:$E$265,4,0) -> 18977.8 | F97: =VLOOKUP(D97,agemodels!$A$3:$F$265,6,0) -> 439.61735 | G97: terrestrial wood | H97: 15830 | I97: 720 | J97: 201571 | K97: =((EXP(-(H97)/8033)/EXP(-($E97)/8267))-1)*1000 -> 384.01384 | L97: =((EXP(-(H97-I97)/8033)/EXP(-($E97)/8267))-1)*1000-K97 -> 129.77872
A98: LPAZ-21P | B98: 94 | C98: 95 | D98: =AVERAGE(B98:C98) -> 94.5 | E98: =VLOOKUP(D98,agemodels!$A$3:$E$265,4,0) -> 19670 | F98: =VLOOKUP(D98,agemodels!$A$3:$F$265,6,0) -> 460.35714 | G98: terrestrial wood | H98: 16170 | I98: 90 | J98: 200534 | K98: =((EXP(-(H98)/8033)/EXP(-($E98)/8267))-1)*1000 -> 442.52197 | L98: =((EXP(-(H98-I98)/8033)/EXP(-($E98)/8267))-1)*1000-K98 -> 16.25258
A99: LPAZ-21P | B99: 96 | C99: 97 | D99: =AVERAGE(B99:C99) -> 96.5 | E99: =VLOOKUP(D99,agemodels!$A$3:$E$265,4,0) -> 21733.8 | F99: =VLOOKUP(D99,agemodels!$A$3:$F$265,6,0) -> 391.86224 | G99: terrestrial wood | H99: 18820 | I99: 70 | J99: 181562 | K99: =((EXP(-(H99)/8033)/EXP(-($E99)/8267))-1)*1000 -> 331.28801 | L99: =((EXP(-(H99-I99)/8033)/EXP(-($E99)/8267))-1)*1000-K99 -> 11.651609
A100: LPAZ-21P | B100: 97 | C100: 99 | D100: =AVERAGE(B100:C100) -> 98 | E100: =VLOOKUP(D100,agemodels!$A$3:$E$265,4,0) -> 22809.2 | F100: =VLOOKUP(D100,agemodels!$A$3:$F$265,6,0) -> 319.77041 | G100: terrestrial wood | H100: 19120 | I100: 880 | J100: 180071 | K100: =((EXP(-(H100)/8033)/EXP(-($E100)/8267))-1)*1000 -> 460.6542 | L100: =((EXP(-(H100-I100)/8033)/EXP(-($E100)/8267))-1)*1000-K100 -> 169.10542
A101: LPAZ-21P | B101: 102 | C101: 104 | D101: =AVERAGE(B101:C101) -> 103 | E101: =VLOOKUP(D101,agemodels!$A$3:$E$265,4,0) -> 23701.1 | F101: =VLOOKUP(D101,agemodels!$A$3:$F$265,6,0) -> 229.84694 | G101: terrestrial wood | H101: 19550 | I101: 60 | J101: 180639 | K101: =((EXP(-(H101)/8033)/EXP(-($E101)/8267))-1)*1000 -> 542.2494 | L101: =((EXP(-(H101-I101)/8033)/EXP(-($E101)/8267))-1)*1000-K101 -> 11.562481
A102: LPAZ-21P | B102: 104 | C102: 106 | D102: =AVERAGE(B102:C102) -> 105 | E102: =VLOOKUP(D102,agemodels!$A$3:$E$265,4,0) -> 24297.8 | F102: =VLOOKUP(D102,agemodels!$A$3:$F$265,6,0) -> 296.37755 | G102: terrestrial wood | H102: 20690 | I102: 330 | J102: 180073 | K102: =((EXP(-(H102)/8033)/EXP(-($E102)/8267))-1)*1000 -> 438.3634 | L102: =((EXP(-(H102-I102)/8033)/EXP(-($E102)/8267))-1)*1000-K102 -> 60.31924
A103: LPAZ-21P | B103: 110 | C103: 111 | D103: =AVERAGE(B103:C103) -> 110.5 | E103: =VLOOKUP(D103,agemodels!$A$3:$E$265,4,0) -> 25927.6 | F103: =VLOOKUP(D103,agemodels!$A$3:$F$265,6,0) -> 370.58673 | G103: terrestrial wood | H103: 21590 | I103: 330 | J103: 182086 | K103: =((EXP(-(H103)/8033)/EXP(-($E103)/8267))-1)*1000 -> 566.13903 | L103: =((EXP(-(H103-I103)/8033)/EXP(-($E103)/8267))-1)*1000-K103 -> 65.677642
A104: LPAZ-21P | B104: 116 | C104: 118 | D104: =AVERAGE(B104:C104) -> 117 | E104: =VLOOKUP(D104,agemodels!$A$3:$E$265,4,0) -> 28090 | F104: =VLOOKUP(D104,agemodels!$A$3:$F$265,6,0) -> 650.15306 | G104: terrestrial wood | H104: 24020 | I104: 790 | J104: 199135 | K104: =((EXP(-(H104)/8033)/EXP(-($E104)/8267))-1)*1000 -> 503.32797 | L104: =((EXP(-(H104-I104)/8033)/EXP(-($E104)/8267))-1)*1000-K104 -> 155.35787
A105: LPAZ-21P | B105: 130 | C105: 131 | D105: =AVERAGE(B105:C105) -> 130.5 | E105: =VLOOKUP(D105,agemodels!$A$3:$E$265,4,0) -> 33326.2 | F105: =VLOOKUP(D105,agemodels!$A$3:$F$265,6,0) -> 1203.4439 | G105: terrestrial wood | H105: 30400 | I105: 270 | J105: 177377 | K105: =((EXP(-(H105)/8033)/EXP(-($E105)/8267))-1)*1000 -> 279.97842 | L105: =((EXP(-(H105-I105)/8033)/EXP(-($E105)/8267))-1)*1000-K105 -> 43.752986
A107: ET97-7T | B107: 73 | C107: 75 | D107: =AVERAGE(B107:C107) -> 74 | E107: =VLOOKUP(D107,agemodels!$I$3:$N$135,4,0) -> 12813 | F107: =VLOOKUP(D107,agemodels!$I$3:$N$265,6,0) -> 307.62755 | G107: Planulina ariminensis | H107: 14210 | I107: 280 | J107: 160491 | K107: =((EXP(-(H107)/8033)/EXP(-($E107)/8267))-1)*1000 -> -196.72318 | L107: =((EXP(-(H107-I107)/8033)/EXP(-($E107)/8267))-1)*1000-K107 -> 28.492885
A108: ET97-7T | B108: 76 | C108: 78 | D108: =AVERAGE(B108:C108) -> 77 | E108: =VLOOKUP(D108,agemodels!$I$3:$N$135,4,0) -> 12969.1 | F108: =VLOOKUP(D108,agemodels!$I$3:$N$265,6,0) -> 295.9949 | G108: Planulina ariminensis | H108: 14830 | I108: 160 | J108: 160304 | K108: =((EXP(-(H108)/8033)/EXP(-($E108)/8267))-1)*1000 -> -242.21472 | L108: =((EXP(-(H108-I108)/8033)/EXP(-($E108)/8267))-1)*1000-K108 -> 15.244762
A109: ET97-7T | B109: 83 | C109: 85 | D109: =AVERAGE(B109:C109) -> 84 | E109: =VLOOKUP(D109,agemodels!$I$3:$N$135,4,0) -> 13331.1 | F109: =VLOOKUP(D109,agemodels!$I$3:$N$265,6,0) -> 279.79592 | G109: Planulina ariminensis | H109: 14520 | I109: 60 | J109: 160499 | K109: =((EXP(-(H109)/8033)/EXP(-($E109)/8267))-1)*1000 -> -177.14546 | L109: =((EXP(-(H109-I109)/8033)/EXP(-($E109)/8267))-1)*1000-K109 -> 6.1690668
...

Sheet agemodels
A1: LPAZ21P_0to131B.csv (YEARS BP) | I1: ET97-7T
A2: depth | B2: min | C2: max | D2: median | E2: wmean | F2: stdev | G2: stdev | I2: depth | J2: min | K2: max | L2: median | M2: wmean | N2: stdev
A3: 0 | B3: -977.6 | C3: 4071.6 | D3: 234.4 | E3: 550.3 | F3: =(C3-B3)/(2*1.96) -> 1288.0612 | G3: =ABS(E3-C3)/1.96 -> 1796.5816 | I3: 70 | J3: 11951.8 | K3: 13188.8 | L3: 12607.8 | M3: 12603.4 | N3: =(K3-J3)/(2*1.96) -> 315.56122
A4: 0.5 | B4: -919.8 | C4: 4143.9 | D4: 311.3 | E4: 631.3 | F4: =(C4-B4)/(2*1.96) -> 1291.7602 | G4: =ABS(E4-C4)/1.96 -> 1792.1429 | I4: 70.5 | J4: 11982.9 | K4: 13209.9 | L4: 12633.8 | M4: 12628.7 | N4: =(K4-J4)/(2*1.96) -> 313.0102
A5: 1 | B5: -874.6 | C5: 4224.2 | D5: 405.1 | E5: 726.6 | F5: =(C5-B5)/(2*1.96) -> 1300.7143 | G5: =ABS(E5-C5)/1.96 -> 1784.4898 | I5: 71 | J5: 12008.4 | K5: 13232.4 | L5: 12658.6 | M5: 12653.6 | N5: =(K5-J5)/(2*1.96) -> 312.2449
A6: 1.5 | B6: -794.5 | C6: 4306.8 | D6: 496.9 | E6: 822.4 | F6: =(C6-B6)/(2*1.96) -> 1301.352 | G6: =ABS(E6-C6)/1.96 -> 1777.7551 | I6: 71.5 | J6: 12037.8 | K6: 13255.9 | L6: 12682.8 | M6: 12678.5 | N6: =(K6-J6)/(2*1.96) -> 310.7398
A7: 2 | B7: -744.2 | C7: 4389.8 | D7: 593.5 | E7: 918 | F7: =(C7-B7)/(2*1.96) -> 1309.6939 | G7: =ABS(E7-C7)/1.96 -> 1771.3265 | I7: 72 | J7: 12062.7 | K7: 13279.9 | L7: 12706.8 | M7: 12703.1 | N7: =(K7-J7)/(2*1.96) -> 310.5102
A8: 2.5 | B8: -661.7 | C8: 4469.4 | D8: 688.9 | E8: 1005.2 | F8: =(C8-B8)/(2*1.96) -> 1308.9541 | G8: =ABS(E8-C8)/1.96 -> 1767.449 | I8: 72.5 | J8: 12096.7 | K8: 13304.6 | L8: 12734.6 | M8: 12729.9 | N8: =(K8-J8)/(2*1.96) -> 308.13776
A9: 3 | B9: -603 | C9: 4541.3 | D9: 784.9 | E9: 1092.5 | F9: =(C9-B9)/(2*1.96) -> 1312.3214 | G9: =ABS(E9-C9)/1.96 -> 1759.5918 | I9: 73 | J9: 12124.7 | K9: 13332.6 | L9: 12762 | M9: 12756.6 | N9: =(K9-J9)/(2*1.96) -> 308.13776
A10: 3.5 | B10: -526.7 | C10: 4607.7 | D10: 880.1 | E10: 1176.2 | F10: =(C10-B10)/(2*1.96) -> 1309.7959 | G10: =ABS(E10-C10)/1.96 -> 1750.7653 | I10: 73.5 | J10: 12146.7 | K10: 13354.6 | L10: 12786 | M10: 12781.3 | N10: =(K10-J10)/(2*1.96) -> 308.13776
A11: 4 | B11: -460.6 | C11: 4667.2 | D11: 970.2 | E11: 1260.5 | F11: =(C11-B11)/(2*1.96) -> 1308.1122 | G11: =ABS(E11-C11)/1.96 -> 1738.1122 | I11: 74 | J11: 12172.6 | K11: 13378.5 | L11: 12813 | M11: 12808.3 | N11: =(K11-J11)/(2*1.96) -> 307.62755
A12: 4.5 | B12: -382.2 | C12: 4715.1 | D12: 1049.5 | E12: 1336.8 | F12: =(C12-B12)/(2*1.96) -> 1300.3316 | G12: =ABS(E12-C12)/1.96 -> 1723.6224 | I12: 74.5 | J12: 12205 | K12: 13398.1 | L12: 12838 | M12: 12833.8 | N12: =(K12-J12)/(2*1.96) -> 304.36224
A13: 5 | B13: -319.7 | C13: 4780.3 | D13: 1127.7 | E13: 1413.1 | F13: =(C13-B13)/(2*1.96) -> 1301.0204 | G13: =ABS(E13-C13)/1.96 -> 1717.9592 | I13: 75 | J13: 12230.7 | K13: 13423.6 | L13: 12864.7 | M13: 12859.8 | N13: =(K13-J13)/(2*1.96) -> 304.31122
A14: 5.5 | B14: -239 | C14: 4845 | D14: 1209.3 | E14: 1490.7 | F14: =(C14-B14)/(2*1.96) -> 1296.9388 | G14: =ABS(E14-C14)/1.96 -> 1711.3776 | I14: 75.5 | J14: 12263.6 | K14: 13445.7 | L14: 12890.1 | M14: 12885.6 | N14: =(K14-J14)/(2*1.96) -> 301.55612
... A133: 65 | B133: 11125.9 | C133: 12863.6 | D133: 12208.1 | E133: 12158 | F133: =(C133-B133)/(2*1.96) -> 443.29082 | G133: =ABS(E133-C133)/1.96 -> 360 | I133: 135 | J133: 19001.6 | K133: 19486.7 | L133: 19211.4 | M133: 19222.8 | N133: =(K133-J133)/(2*1.96) -> 123.75
A134: 65.5 | B134: 11493.4 | C134: 12919.3 | D134: 12421.3 | E134: 12368.4 | F134: =(C134-B134)/(2*1.96) -> 363.75 | G134: =ABS(E134-C134)/1.96 -> 281.07143
A135: 66 | B135: 11718.4 | C135: 13037.4 | D135: 12656.5 | E135: 12579.1 | F135: =(C135-B135)/(2*1.96) -> 336.47959 | G135: =ABS(E135-C135)/1.96 -> 233.82653
A136: 66.5 | B136: 12338.6 | C136: 13072.4 | D136: 12821 | E136: 12790.9 | F136: =(C136-B136)/(2*1.96) -> 187.19388 | G136: =ABS(E136-C136)/1.96 -> 143.62245
A137: 67 | B137: 12808.3 | C137: 13167.8 | D137: 13007.3 | E137: 13006 | F137: =(C137-B137)/(2*1.96) -> 91.709184 | G137: =ABS(E137-C137)/1.96 -> 82.55102
A138: 67.5 | B138: 12873 | C138: 13366.1 | D138: 13096.2 | E138: 13106.2 | F138: =(C138-B138)/(2*1.96) -> 125.79082 | G138: =ABS(E138-C138)/1.96 -> 132.60204
A139: 68 | B139: 12904.9 | C139: 13655 | D139: 13170.6 | E139: 13203.3 | F139: =(C139-B139)/(2*1.96) -> 191.35204 | G139: =ABS(E139-C139)/1.96 -> 230.45918
A140: 68.5 | B140: 12976.8 | C140: 13770.9 | D140: 13276.9 | E140: 13307.6 | F140: =(C140-B140)/(2*1.96) -> 202.57653 | G140: =ABS(E140-C140)/1.96 -> 236.37755
A141: 69 | B141: 13016.6 | C141: 13983 | D141: 13378 | E141: 13414.4 | F141: =(C141-B141)/(2*1.96) -> 246.53061 | G141: =ABS(E141-C141)/1.96 -> 290.10204
A142: 69.5 | B142: 13096.8 | C142: 14106.3 | D142: 13484.1 | E142: 13520.1 | F142: =(C142-B142)/(2*1.96) -> 257.52551 | G142: =ABS(E142-C142)/1.96 -> 299.08163
A143: 70 | B143: 13146.8 | C143: 14286.3 | D143: 13584.8 | E143: 13625.4 | F143: =(C143-B143)/(2*1.96) -> 290.68878 | G143: =ABS(E143-C143)/1.96 -> 337.19388
A144: 70.5 | B144: 13230.3 | C144: 14397.8 | D144: 13690.9 | E144: 13728.5 | F144: =(C144-B144)/(2*1.96) -> 297.83163 | G144: =ABS(E144-C144)/1.96 -> 341.47959
A145: 71 | B145: 13279.8 | C145: 14554.6 | D145: 13791.5 | E145: 13828.9 | F145: =(C145-B145)/(2*1.96) -> 325.20408 | G145: =ABS(E145-C145)/1.96 -> 370.2551
... A265: 131 | B265: 29952.9 | C265: 34715.8 | D265: 33537.5 | E265: 33068.9 | F265: =(C265-B265)/(2*1.96) -> 1215.0255 | G265: =ABS(E265-C265)/1.96 -> 840.2551
